<?xml version="1.0" encoding="UTF-8" ?>
<configuration scan="true" scanPeriod="60 seconds">
    <appender name="STDOUT" class="ch.qos.logback.core.ConsoleAppender">
        <encoder>
            <pattern>[%d{ISO8601}] [%thread] %-5level %logger{0} - %msg%n</pattern>
        </encoder>
    </appender>

    <appender name="MAIN" class="ch.qos.logback.core.rolling.RollingFileAppender">
        <file>${activitiloader.home}/logs/main.log</file>

        <rollingPolicy class="ch.qos.logback.core.rolling.TimeBasedRollingPolicy">
            <fileNamePattern>${activitiloader.home}/logs/backup/main-%d{yyyy-MM-dd}.zip</fileNamePattern>
            <maxHistory>30</maxHistory>
        </rollingPolicy>

        <filter class="ch.qos.logback.classic.filter.ThresholdFilter">
            <level>DEBUG</level>
        </filter>

        <encoder>
            <pattern>[%d{ISO8601}] [%thread] %-5level %logger{0} - %msg%n</pattern>
        </encoder>
    </appender>

    <logger name="rally.activitiloader" additivity="false">
        <level value="info"/>
        <appender-ref ref="MAIN"/>
    </logger>

    <root>
        <level value="error"/>
        <appender-ref ref="STDOUT"/>
    </root>
</configuration>